<?xml version="1.0" encoding="UTF-8"?>
<?xml-stylesheet type="text/css" media="screen" href="http://devgy600/data/stylexml.css"?>
<!-- RSS generated by GuppY v6.00.00 on 14/04/2020   10:23 -->
<rss version="2.0">
  <channel>
    <title>GuppY 6.00</title>
    <link>http://devgy600/</link>
    <description>GuppY : the easy and free web portal that requires no database to run</description>
    <lastBuild>Tue, 14 Apr 2020 10:23:30 +0200</lastBuild>
    <language>en</language>
    <docs>http://blogs.law.harvard.edu/tech/rss</docs>
    <generator>GuppY v6.00.00</generator>
    <managingEditor>no-response@no-spam.spam (Webmestre)</managingEditor>
    <webMaster>no-response@no-spam.spam (Webmestre)</webMaster>
    <item>
      <title>texte défilant - by saxbar   16/10/2018   11:17</title>
      <link>http://devgy600/news.php?lng=en&amp;pg=637</link>
      <guid>http://devgy600/news.php?lng=en&amp;pg=637</guid>
      <description><p>Bonjour,</p>

<p>Le faire systématiquement pour toutes les nouvelles, y compris pour celles générées par les visiteurs du site si cette fonctionnalité leur est ouverte, n'est pas envisageable, cela entraîne des modifications dans plusieurs scripts, le retour en arrière ne serait plus possible.</p>

<p>Par contre il est possible de le faire au cas par cas. Pour cela en admin il faut renseigner le titre de la nouvelle de la manière suivante :</p>

<pre class="html">
&lt;marquee direction="left" behavior="scroll" scrollamount="3" &gt; Ceci est le titre défilant de la nouvelle. &lt;/marquee&gt;</pre><p>Pour régler la vitesse de défilement, agir sur le paramètre scrollamount en faisant varier sa valeur, actuellement de 3.</p>]]></description>
      <pubDate><![CDATA[Tue, 16 Oct 2018 11:17:00 +0200</pubDate>
    </item>
    <item>
      <title>Nouvelle 1 - by saxbar   26/09/2018   13:21</title>
      <link>http://devgy600/news.php?lng=en&amp;pg=636</link>
      <guid>http://devgy600/news.php?lng=en&amp;pg=636</guid>
      <description><div class="box freebox400">
<p><strong>Bienvenue sur GuppY 5.02.06 !!!</strong> &nbsp;</p>

<p><strong>Les changements les plus importants </strong>sont l'adaptation de tous les <span style="text-decoration:underline;">formulaires</span> au Règlement Général pour la Protection des Données personnelles, la mise en place de l'acceptation des cookies, les mentions légales et la politique de confidentialité du site.</p>

<p><strong>Des évolutions et des nouveautés :</strong> - protection des cookies, <span style="text-decoration:underline;">amélioration</span> des accès admin, amélioration de l'affichage des captchas, - correction de l'affichage des dates et auteurs des nouvelles, de la gestion des membres dans la protection admin, - correction du contrôle du mot de passe pour les nouveaux membres.</p>

<p><strong>La procédure recommandée pour l'installation du patch non cumulatif GuppY 5.02.06 :</strong> - pré-requis: PHP 5.6 minimum, l'utilisation de PHP 7.0, PHP 7.1 ou PHP 7.2&nbsp; est possible sans aucun problème, - télécharger et installer le patch avec la fonction Installer en admin, vous devrez accepter les cookies de votre site, - adapter les mentions légales et la politique de confidentialité à votre site pour être en conformité avec le RGPD. Bonne continuation avec GuppY 5.02.06 La GuppY Team</p>
</div>
]]></description>
      <pubDate><![CDATA[Wed, 26 Sep 2018 13:21:00 +0200</pubDate>
    </item>
    <item>
      <title>Test catégorie - by saxbar   05/04/2020   11:21</title>
      <link>http://devgy600/blog.php?lng=en&amp;sel=pg&amp;pg=779</link>
      <guid>http://devgy600/blog.php?lng=en&amp;sel=pg&amp;pg=779</guid>
      <description><p>Test catégorie</p>
]]></description>
      <pubDate><![CDATA[Sun, 05 Apr 2020 11:21:00 +0200</pubDate>
    </item>
    <item>
      <title>For seeing - by saxbar   04/04/2020   17:54</title>
      <link>http://devgy600/blog.php?lng=en&amp;sel=pg&amp;pg=778</link>
      <guid>http://devgy600/blog.php?lng=en&amp;sel=pg&amp;pg=778</guid>
      <description><p>Recording the topic.</p>
]]></description>
      <pubDate><![CDATA[Sat, 04 Apr 2020 17:54:00 +0200</pubDate>
    </item>
    <item>
      <title>Spotify - by saxbar   01/04/2020   15:56</title>
      <link>http://devgy600/blog.php?lng=en&amp;sel=pg&amp;pg=772</link>
      <guid>http://devgy600/blog.php?lng=en&amp;sel=pg&amp;pg=772</guid>
      <description><p>Spotify</p>
]]></description>
      <pubDate><![CDATA[Wed, 01 Apr 2020 15:56:00 +0200</pubDate>
    </item>
    <item>
      <title>test - by saxbar   21/11/2019   13:09</title>
      <link>http://devgy600/blog.php?lng=en&amp;sel=pg&amp;pg=741</link>
      <guid>http://devgy600/blog.php?lng=en&amp;sel=pg&amp;pg=741</guid>
      <description><p>test</p>
]]></description>
      <pubDate><![CDATA[Thu, 21 Nov 2019 13:09:00 +0100</pubDate>
    </item>
    <item>
      <title>test after error - by saxbar   28/03/2019   10:31</title>
      <link>http://devgy600/blog.php?lng=en&amp;sel=pg&amp;pg=653</link>
      <guid>http://devgy600/blog.php?lng=en&amp;sel=pg&amp;pg=653</guid>
      <description><p>test after error</p>
<hr /><u>Rectified</u> by saxbar   04/04/2020   16:37]]></description>
      <pubDate><![CDATA[Thu, 28 Mar 2019 10:31:00 +0100</pubDate>
    </item>
    <item>
      <title>Welcome to your blog v5 - by saxbar   16/12/2018   10:51</title>
      <link>http://devgy600/blog.php?lng=en&amp;sel=pg&amp;pg=645</link>
      <guid>http://devgy600/blog.php?lng=en&amp;sel=pg&amp;pg=645</guid>
      <description><p><strong>GuppY 5.02.XX</strong>, web portal, easy to use due to the end user that you are, and which does not require sql database has been enriched with many new features to offer maximum services .</p>

<p><strong>GuppY 5.02.XX </strong>is a new evolution after the real revolution of the release of the v5, after GuppY 5.01.00 with the modifications of the structure to be "responsive design" and meet the criteria "mobile-friendly", the output of GuppY 5.02.00 is the continuation of this evolution at the service of the users.</p>

<p>The solution to a single site with a responsive web configuration for PCs and mobile configuration for other devices was selected, detecting the user-agent GuppY of the screen to display the corresponding version.</p>

<p>You can install GuppY 5. on all Internet hosts (or almost) the only requirement is that your web host to provide the PHP scripting language facility.</p>

<p>No need to know it in HTML, MySQL database or PHP, GuppY offers a full and secured administration interface to manage the look of your site and content of the different sections of your site.</p>

<p></p>
]]></description>
      <pubDate><![CDATA[Sun, 16 Dec 2018 10:51:00 +0100</pubDate>
    </item>
    <item>
      <title>Test - by saxbar   27/08/2018   13:03</title>
      <link>http://devgy600/blog.php?lng=en&amp;sel=pg&amp;pg=625</link>
      <guid>http://devgy600/blog.php?lng=en&amp;sel=pg&amp;pg=625</guid>
      <description><p>qdqsdccdvqsqs</p>
]]></description>
      <pubDate><![CDATA[Mon, 27 Aug 2018 13:03:00 +0200</pubDate>
    </item>
    <item>
      <title>Pain au levain 2 - by saxbar   20/07/2019   10:21</title>
      <link>http://devgy600/articles.php?lng=en&amp;pg=727</link>
      <guid>http://devgy600/articles.php?lng=en&amp;pg=727</guid>
      <description><p style="text-align:center; font-size: 16pt;"><b>Pain au levain avec le Thermomix</b></p>

<p></p>

<p>A) <b>Entretenir le levain en moyenne 2 fois par semaine</b></p>

<ul>
	<li>
	<p style="margin-bottom: 0cm">ajouter 2 c à soupe de farine complète T110</p>
	</li>
	<li>
	<p style="margin-bottom: 0cm">ajouter un peu d'eau non chlorée (bouteille ou carafe reposée une nuit)</p>
	</li>
	<li>
	<p style="margin-bottom: 0cm">mélanger et ajouter un peu d'eau au fur et à mesure pour obtenir une consistance pâteuse</p>
	</li>
</ul>

<p style="margin-bottom: 0cm"></p>

<p style="margin-bottom: 0cm">B) <b>Faire le pain</b></p>

<ul>
	<li>
	<p style="margin-bottom: 0cm">mettre 2 c à soupe de levain chef dans un récipient en verre</p>
	</li>
	<li>
	<p style="margin-bottom: 0cm">ajouter 85g de farine complète T110</p>
	</li>
	<li>
	<p style="margin-bottom: 0cm">ajouter 130g d'eau et bien mélanger</p>
	</li>
	<li>
	<p style="margin-bottom: 0cm; border-top: none; border-bottom: 1px solid #000000; border-left: none; border-right: none; padding-top: 0cm; padding-bottom: 0.07cm; padding-left: 0cm; padding-right: 0cm">couvrir d'un torchon 8h (6h l'été ou s'il fait chaud)</p>
	</li>
	<li>
	<p style="margin-bottom: 0cm">préparer les ingrédients suivants&nbsp;:</p>

	<p style="margin-bottom: 0cm">- 500g de farine T55 ou T65</p>

	<p style="margin-bottom: 0cm">- 10g de sel fin</p>

	<p style="margin-bottom: 0cm">- ½ c à café de sucre fin</p>

	<p style="margin-bottom: 0cm">- 300g d'eau</p>
	</li>
	<li>
	<p style="margin-bottom: 0cm">transvaser 150g de levain bien bullé dans le bol du Thermomix</p>
	</li>
	<li>
	<p style="margin-bottom: 0cm">verser l'eau, puis la farine, le sel et le sucre (le sel n'est pas en contact du levain)</p>
	</li>
	<li>
	<p style="margin-bottom: 0cm">pétrir vitesse 1 pendant 5mn, en raclant les parois du bol de temps en temps</p>
	</li>
	<li>
	<p style="margin-bottom: 0cm; border-top: none; border-bottom: 1px solid #000000; border-left: none; border-right: none; padding-top: 0cm; padding-bottom: 0.07cm; padding-left: 0cm; padding-right: 0cm">après pétrissage laisser reposer 30mn bol recouvert d'un torchon sec (autolyse)</p>
	</li>
	<li>
	<p style="margin-bottom: 0cm">après l'autolyse on repart sur un pétrissage vitesse 2 pendant 10mn</p>
	</li>
	<li>
	<p style="margin-bottom: 0cm">fariner le plan de travail et y déposer le pâton</p>
	</li>
	<li>
	<p style="margin-bottom: 0cm">1ers rabats&nbsp;:</p>

	<p style="margin-bottom: 0cm">- ramener la moitié de la pâte sur l'autre moitié</p>

	<p style="margin-bottom: 0cm">- 1ère pose de 30mn sous un torchon sec</p>

	<p style="margin-bottom: 0cm">- ramener le côté gauche sur le côté droit</p>

	<p style="margin-bottom: 0cm">- retourner le pâton de manière à avoir la pliure devant soi</p>

	<p style="margin-bottom: 0cm">- 2ème pose de 30mn sous un torchon sec</p>
	</li>
	<li>
	<p style="margin-bottom: 0cm">2èmes rabats&nbsp;:</p>

	<p style="margin-bottom: 0cm">- remonter la moitié de la pâte sur l'autre moitié</p>

	<p style="margin-bottom: 0cm">- faire un quart de tour de la pâte de manière de façon à l'avoir dans le sens de la hauteur</p>

	<p style="margin-bottom: 0cm">- 3ème pose de 30mn sous un torchon sec</p>
	</li>
	<li>
	<p style="margin-bottom: 0cm">3èmes rabats&nbsp;:</p>

	<p style="margin-bottom: 0cm">- ramener la moitié de la pâte du haut vers celle du bas</p>

	<p style="margin-bottom: 0cm">- puis celle du bas vers celle du haut</p>

	<p style="margin-bottom: 0cm">- retourner la boule</p>
	</li>
	<li>
	<p style="margin-bottom: 0cm">donner du corps à la pâte par des rabats/tourner successifs</p>
	</li>
	<li>
	<p style="margin-bottom: 0cm; border-top: none; border-bottom: 1px solid #000000; border-left: none; border-right: none; padding-top: 0cm; padding-bottom: 0.07cm; padding-left: 0cm; padding-right: 0cm">placer le pâton dans une bassine avec la fermeture (clé) en dessous, bassine couverte d'un plastique pour conserver l'humidité et à T°ambiante, sachant qu'il faut au minimum 8h de pousse avant le façonnage, s'il est trop tôt on mettra dans le frigo en attendant la pousse à l'extérieur</p>
	</li>
	<li>
	<p style="margin-bottom: 0cm">façonnage et cuisson le lendemain</p>

	<p style="margin-bottom: 0cm">- préchauffer le four à 210° chaleur tournante, lèche frite tout en bas y compris le plateau à mi-hauteur qui recevra le pain à cuire</p>

	<p style="margin-bottom: 0cm">- préparer à portée de main un pichet de ½ litre d'eau</p>

	<p style="margin-bottom: 0cm">- à l'aide d'une corne de boulanger déposer la pâte sur le plan de travail fariné en faisant attention de ne pas déchirer la pâte ni de faire partir le gaz en l'applatissant</p>

	<p style="margin-bottom: 0cm">- façonner la pâte pour faire un gros pain, fermeture en dessous, laisser reposer 30mn</p>

	<p style="margin-top: 0.1cm; margin-bottom: 0cm">- tamiser de la farine sur le pâton et grigner le pain en prenant soin de faire chevaucher les incisions</p>

	<p style="margin-bottom: 0cm">- jeter l'eau sur le lèche frite pour faire de la vapeur et enfourner le pain</p>

	<p style="margin-bottom: 0cm">- cuire 40 à 45mn, ne pas ouvrir le four avant la fin de cuisson</p>
	</li>
</ul>
]]></description>
      <pubDate><![CDATA[Sat, 20 Jul 2019 10:21:00 +0200</pubDate>
    </item>
  </channel>
</rss>