<?xml version="1.0" encoding="UTF-8"?>
<?xml-stylesheet type="text/css" media="screen" href="http://devgy600/data/stylexml.css"?>
<!-- RSS generated by GuppY v6.00.00 on 14/04/2020   10:23 -->
<rss version="2.0">
  <channel>
    <title>GuppY 6.00</title>
    <link>http://devgy600/</link>
    <description>GuppY : the easy and free web portal that requires no database to run</description>
    <lastBuild>Tue, 14 Apr 2020 10:23:30 +0200</lastBuild>
    <language>en</language>
    <docs>http://blogs.law.harvard.edu/tech/rss</docs>
    <generator>GuppY v6.00.00</generator>
    <managingEditor>no-response@no-spam.spam (Webmestre)</managingEditor>
    <webMaster>no-response@no-spam.spam (Webmestre)</webMaster>
    <item>
      <title>Test catégorie - by saxbar   05/04/2020   11:21</title>
      <link>http://devgy600/blog.php?lng=en&amp;sel=pg&amp;pg=779</link>
      <guid>http://devgy600/blog.php?lng=en&amp;sel=pg&amp;pg=779</guid>
      <description><p>Test catégorie</p>
]]></description>
      <pubDate><![CDATA[Sun, 05 Apr 2020 11:21:00 +0200</pubDate>
    </item>
    <item>
      <title>For seeing - by saxbar   04/04/2020   17:54</title>
      <link>http://devgy600/blog.php?lng=en&amp;sel=pg&amp;pg=778</link>
      <guid>http://devgy600/blog.php?lng=en&amp;sel=pg&amp;pg=778</guid>
      <description><p>Recording the topic.</p>
]]></description>
      <pubDate><![CDATA[Sat, 04 Apr 2020 17:54:00 +0200</pubDate>
    </item>
    <item>
      <title>Spotify - by saxbar   01/04/2020   15:56</title>
      <link>http://devgy600/blog.php?lng=en&amp;sel=pg&amp;pg=772</link>
      <guid>http://devgy600/blog.php?lng=en&amp;sel=pg&amp;pg=772</guid>
      <description><p>Spotify</p>
]]></description>
      <pubDate><![CDATA[Wed, 01 Apr 2020 15:56:00 +0200</pubDate>
    </item>
    <item>
      <title>test - by saxbar   21/11/2019   13:09</title>
      <link>http://devgy600/blog.php?lng=en&amp;sel=pg&amp;pg=741</link>
      <guid>http://devgy600/blog.php?lng=en&amp;sel=pg&amp;pg=741</guid>
      <description><p>test</p>
]]></description>
      <pubDate><![CDATA[Thu, 21 Nov 2019 13:09:00 +0100</pubDate>
    </item>
    <item>
      <title>test after error - by saxbar   28/03/2019   10:31</title>
      <link>http://devgy600/blog.php?lng=en&amp;sel=pg&amp;pg=653</link>
      <guid>http://devgy600/blog.php?lng=en&amp;sel=pg&amp;pg=653</guid>
      <description><p>test after error</p>
<hr /><u>Rectified</u> by saxbar   04/04/2020   16:37]]></description>
      <pubDate><![CDATA[Thu, 28 Mar 2019 10:31:00 +0100</pubDate>
    </item>
    <item>
      <title>Welcome to your blog v5 - by saxbar   16/12/2018   10:51</title>
      <link>http://devgy600/blog.php?lng=en&amp;sel=pg&amp;pg=645</link>
      <guid>http://devgy600/blog.php?lng=en&amp;sel=pg&amp;pg=645</guid>
      <description><p><strong>GuppY 5.02.XX</strong>, web portal, easy to use due to the end user that you are, and which does not require sql database has been enriched with many new features to offer maximum services .</p>

<p><strong>GuppY 5.02.XX </strong>is a new evolution after the real revolution of the release of the v5, after GuppY 5.01.00 with the modifications of the structure to be "responsive design" and meet the criteria "mobile-friendly", the output of GuppY 5.02.00 is the continuation of this evolution at the service of the users.</p>

<p>The solution to a single site with a responsive web configuration for PCs and mobile configuration for other devices was selected, detecting the user-agent GuppY of the screen to display the corresponding version.</p>

<p>You can install GuppY 5. on all Internet hosts (or almost) the only requirement is that your web host to provide the PHP scripting language facility.</p>

<p>No need to know it in HTML, MySQL database or PHP, GuppY offers a full and secured administration interface to manage the look of your site and content of the different sections of your site.</p>

<p></p>
]]></description>
      <pubDate><![CDATA[Sun, 16 Dec 2018 10:51:00 +0100</pubDate>
    </item>
    <item>
      <title>Test - by saxbar   27/08/2018   13:03</title>
      <link>http://devgy600/blog.php?lng=en&amp;sel=pg&amp;pg=625</link>
      <guid>http://devgy600/blog.php?lng=en&amp;sel=pg&amp;pg=625</guid>
      <description><p>qdqsdccdvqsqs</p>
]]></description>
      <pubDate><![CDATA[Mon, 27 Aug 2018 13:03:00 +0200</pubDate>
    </item>
  </channel>
</rss>