<?xml version="1.0" encoding="UTF-8"?>
<?xml-stylesheet type="text/css" media="screen" href="http://devgy600/data/stylexml.css"?>
<!-- RSS generated by GuppY v6.00.00 on 14/04/2020   10:23 -->
<rss version="2.0">
  <channel>
    <title>GuppY 6.00</title>
    <link>http://devgy600/</link>
    <description>GuppY : the easy and free web portal that requires no database to run</description>
    <lastBuild>Tue, 14 Apr 2020 10:23:30 +0200</lastBuild>
    <language>en</language>
    <docs>http://blogs.law.harvard.edu/tech/rss</docs>
    <generator>GuppY v6.00.00</generator>
    <managingEditor>no-response@no-spam.spam (Webmestre)</managingEditor>
    <webMaster>no-response@no-spam.spam (Webmestre)</webMaster>
    <item>
      <title>texte défilant - by saxbar   16/10/2018   11:17</title>
      <link>http://devgy600/news.php?lng=en&amp;pg=637</link>
      <guid>http://devgy600/news.php?lng=en&amp;pg=637</guid>
      <description><p>Bonjour,</p>

<p>Le faire systématiquement pour toutes les nouvelles, y compris pour celles générées par les visiteurs du site si cette fonctionnalité leur est ouverte, n'est pas envisageable, cela entraîne des modifications dans plusieurs scripts, le retour en arrière ne serait plus possible.</p>

<p>Par contre il est possible de le faire au cas par cas. Pour cela en admin il faut renseigner le titre de la nouvelle de la manière suivante :</p>

<pre class="html">
&lt;marquee direction="left" behavior="scroll" scrollamount="3" &gt; Ceci est le titre défilant de la nouvelle. &lt;/marquee&gt;</pre><p>Pour régler la vitesse de défilement, agir sur le paramètre scrollamount en faisant varier sa valeur, actuellement de 3.</p>]]></description>
      <pubDate><![CDATA[Tue, 16 Oct 2018 11:17:00 +0200</pubDate>
    </item>
    <item>
      <title>Nouvelle 1 - by saxbar   26/09/2018   13:21</title>
      <link>http://devgy600/news.php?lng=en&amp;pg=636</link>
      <guid>http://devgy600/news.php?lng=en&amp;pg=636</guid>
      <description><div class="box freebox400">
<p><strong>Bienvenue sur GuppY 5.02.06 !!!</strong> &nbsp;</p>

<p><strong>Les changements les plus importants </strong>sont l'adaptation de tous les <span style="text-decoration:underline;">formulaires</span> au Règlement Général pour la Protection des Données personnelles, la mise en place de l'acceptation des cookies, les mentions légales et la politique de confidentialité du site.</p>

<p><strong>Des évolutions et des nouveautés :</strong> - protection des cookies, <span style="text-decoration:underline;">amélioration</span> des accès admin, amélioration de l'affichage des captchas, - correction de l'affichage des dates et auteurs des nouvelles, de la gestion des membres dans la protection admin, - correction du contrôle du mot de passe pour les nouveaux membres.</p>

<p><strong>La procédure recommandée pour l'installation du patch non cumulatif GuppY 5.02.06 :</strong> - pré-requis: PHP 5.6 minimum, l'utilisation de PHP 7.0, PHP 7.1 ou PHP 7.2&nbsp; est possible sans aucun problème, - télécharger et installer le patch avec la fonction Installer en admin, vous devrez accepter les cookies de votre site, - adapter les mentions légales et la politique de confidentialité à votre site pour être en conformité avec le RGPD. Bonne continuation avec GuppY 5.02.06 La GuppY Team</p>
</div>
]]></description>
      <pubDate><![CDATA[Wed, 26 Sep 2018 13:21:00 +0200</pubDate>
    </item>
  </channel>
</rss>