<?xml version="1.0" encoding="UTF-8"?>
<?xml-stylesheet type="text/css" media="screen" href="http://devgy600/data/stylexml.css"?>
<!-- RSS generated by GuppY v6.00.00 on 14/04/2020   10:23 -->
<rss version="2.0">
  <channel>
    <title>GuppY 6.00</title>
    <link>http://devgy600/</link>
    <description>GuppY : the easy and free web portal that requires no database to run</description>
    <lastBuild>Tue, 14 Apr 2020 10:23:30 +0200</lastBuild>
    <language>fr</language>
    <docs>http://blogs.law.harvard.edu/tech/rss</docs>
    <generator>GuppY v6.00.00</generator>
    <managingEditor>no-response@no-spam.spam (Webmestre)</managingEditor>
    <webMaster>no-response@no-spam.spam (Webmestre)</webMaster>
    <item>
      <title>Pain au levain 2 - par saxbar le 20/07/2019   10:21</title>
      <link>http://devgy600/articles.php?lng=fr&amp;pg=727</link>
      <guid>http://devgy600/articles.php?lng=fr&amp;pg=727</guid>
      <description><![CDATA[<p style="text-align:center; font-size: 16pt;"><b>Pain au levain avec le Thermomix</b></p>

<p></p>

<p>A) <b>Entretenir le levain en moyenne 2 fois par semaine</b></p>

<ul>
	<li>
	<p style="margin-bottom: 0cm">ajouter 2 c à soupe de farine complète T110</p>
	</li>
	<li>
	<p style="margin-bottom: 0cm">ajouter un peu d'eau non chlorée (bouteille ou carafe reposée une nuit)</p>
	</li>
	<li>
	<p style="margin-bottom: 0cm">mélanger et ajouter un peu d'eau au fur et à mesure pour obtenir une consistance pâteuse</p>
	</li>
</ul>

<p style="margin-bottom: 0cm"></p>

<p style="margin-bottom: 0cm">B) <b>Faire le pain</b></p>

<ul>
	<li>
	<p style="margin-bottom: 0cm">mettre 2 c à soupe de levain chef dans un récipient en verre</p>
	</li>
	<li>
	<p style="margin-bottom: 0cm">ajouter 85g de farine complète T110</p>
	</li>
	<li>
	<p style="margin-bottom: 0cm">ajouter 130g d'eau et bien mélanger</p>
	</li>
	<li>
	<p style="margin-bottom: 0cm; border-top: none; border-bottom: 1px solid #000000; border-left: none; border-right: none; padding-top: 0cm; padding-bottom: 0.07cm; padding-left: 0cm; padding-right: 0cm">couvrir d'un torchon 8h (6h l'été ou s'il fait chaud)</p>
	</li>
	<li>
	<p style="margin-bottom: 0cm">préparer les ingrédients suivants&nbsp;:</p>

	<p style="margin-bottom: 0cm">- 500g de farine T55 ou T65</p>

	<p style="margin-bottom: 0cm">- 10g de sel fin</p>

	<p style="margin-bottom: 0cm">- ½ c à café de sucre fin</p>

	<p style="margin-bottom: 0cm">- 300g d'eau</p>
	</li>
	<li>
	<p style="margin-bottom: 0cm">transvaser 150g de levain bien bullé dans le bol du Thermomix</p>
	</li>
	<li>
	<p style="margin-bottom: 0cm">verser l'eau, puis la farine, le sel et le sucre (le sel n'est pas en contact du levain)</p>
	</li>
	<li>
	<p style="margin-bottom: 0cm">pétrir vitesse 1 pendant 5mn, en raclant les parois du bol de temps en temps</p>
	</li>
	<li>
	<p style="margin-bottom: 0cm; border-top: none; border-bottom: 1px solid #000000; border-left: none; border-right: none; padding-top: 0cm; padding-bottom: 0.07cm; padding-left: 0cm; padding-right: 0cm">après pétrissage laisser reposer 30mn bol recouvert d'un torchon sec (autolyse)</p>
	</li>
	<li>
	<p style="margin-bottom: 0cm">après l'autolyse on repart sur un pétrissage vitesse 2 pendant 10mn</p>
	</li>
	<li>
	<p style="margin-bottom: 0cm">fariner le plan de travail et y déposer le pâton</p>
	</li>
	<li>
	<p style="margin-bottom: 0cm">1ers rabats&nbsp;:</p>

	<p style="margin-bottom: 0cm">- ramener la moitié de la pâte sur l'autre moitié</p>

	<p style="margin-bottom: 0cm">- 1ère pose de 30mn sous un torchon sec</p>

	<p style="margin-bottom: 0cm">- ramener le côté gauche sur le côté droit</p>

	<p style="margin-bottom: 0cm">- retourner le pâton de manière à avoir la pliure devant soi</p>

	<p style="margin-bottom: 0cm">- 2ème pose de 30mn sous un torchon sec</p>
	</li>
	<li>
	<p style="margin-bottom: 0cm">2èmes rabats&nbsp;:</p>

	<p style="margin-bottom: 0cm">- remonter la moitié de la pâte sur l'autre moitié</p>

	<p style="margin-bottom: 0cm">- faire un quart de tour de la pâte de manière de façon à l'avoir dans le sens de la hauteur</p>

	<p style="margin-bottom: 0cm">- 3ème pose de 30mn sous un torchon sec</p>
	</li>
	<li>
	<p style="margin-bottom: 0cm">3èmes rabats&nbsp;:</p>

	<p style="margin-bottom: 0cm">- ramener la moitié de la pâte du haut vers celle du bas</p>

	<p style="margin-bottom: 0cm">- puis celle du bas vers celle du haut</p>

	<p style="margin-bottom: 0cm">- retourner la boule</p>
	</li>
	<li>
	<p style="margin-bottom: 0cm">donner du corps à la pâte par des rabats/tourner successifs</p>
	</li>
	<li>
	<p style="margin-bottom: 0cm; border-top: none; border-bottom: 1px solid #000000; border-left: none; border-right: none; padding-top: 0cm; padding-bottom: 0.07cm; padding-left: 0cm; padding-right: 0cm">placer le pâton dans une bassine avec la fermeture (clé) en dessous, bassine couverte d'un plastique pour conserver l'humidité et à T°ambiante, sachant qu'il faut au minimum 8h de pousse avant le façonnage, s'il est trop tôt on mettra dans le frigo en attendant la pousse à l'extérieur</p>
	</li>
	<li>
	<p style="margin-bottom: 0cm">façonnage et cuisson le lendemain</p>

	<p style="margin-bottom: 0cm">- préchauffer le four à 210° chaleur tournante, lèche frite tout en bas y compris le plateau à mi-hauteur qui recevra le pain à cuire</p>

	<p style="margin-bottom: 0cm">- préparer à portée de main un pichet de ½ litre d'eau</p>

	<p style="margin-bottom: 0cm">- à l'aide d'une corne de boulanger déposer la pâte sur le plan de travail fariné en faisant attention de ne pas déchirer la pâte ni de faire partir le gaz en l'applatissant</p>

	<p style="margin-bottom: 0cm">- façonner la pâte pour faire un gros pain, fermeture en dessous, laisser reposer 30mn</p>

	<p style="margin-top: 0.1cm; margin-bottom: 0cm">- tamiser de la farine sur le pâton et grigner le pain en prenant soin de faire chevaucher les incisions</p>

	<p style="margin-bottom: 0cm">- jeter l'eau sur le lèche frite pour faire de la vapeur et enfourner le pain</p>

	<p style="margin-bottom: 0cm">- cuire 40 à 45mn, ne pas ouvrir le four avant la fin de cuisson</p>
	</li>
</ul>
]]></description>
      <pubDate>Sat, 20 Jul 2019 10:21:00 +0200</pubDate>
    </item>
  </channel>
</rss>