<?xml version="1.0" encoding="UTF-8"?>
<?xml-stylesheet type="text/css" media="screen" href="http://devgy600/data/stylexml.css"?>
<!-- RSS generated by GuppY v6.00.00 on 14/04/2020   10:23 -->
<rss version="2.0">
  <channel>
    <title>GuppY 6.00</title>
    <link>http://devgy600/</link>
    <description>GuppY : the easy and free web portal that requires no database to run</description>
    <lastBuild>Tue, 14 Apr 2020 10:23:30 +0200</lastBuild>
    <language>fr</language>
    <docs>http://blogs.law.harvard.edu/tech/rss</docs>
    <generator>GuppY v6.00.00</generator>
    <managingEditor>no-response@no-spam.spam (Webmestre)</managingEditor>
    <webMaster>no-response@no-spam.spam (Webmestre)</webMaster>
    <item>
      <title>Test catégorie - par saxbar le 05/04/2020   11:21</title>
      <link>http://devgy600/blog.php?lng=fr&amp;sel=pg&amp;pg=779</link>
      <guid>http://devgy600/blog.php?lng=fr&amp;sel=pg&amp;pg=779</guid>
      <description><![CDATA[<p>Test catégorie</p>
]]></description>
      <pubDate>Sun, 05 Apr 2020 11:21:00 +0200</pubDate>
    </item>
    <item>
      <title>Pour voir - par saxbar le 04/04/2020   17:54</title>
      <link>http://devgy600/blog.php?lng=fr&amp;sel=pg&amp;pg=778</link>
      <guid>http://devgy600/blog.php?lng=fr&amp;sel=pg&amp;pg=778</guid>
      <description><![CDATA[<p>Enregistrement de la rubrique.</p>
]]></description>
      <pubDate>Sat, 04 Apr 2020 17:54:00 +0200</pubDate>
    </item>
    <item>
      <title>Spotify - par saxbar le 01/04/2020   15:56</title>
      <link>http://devgy600/blog.php?lng=fr&amp;sel=pg&amp;pg=772</link>
      <guid>http://devgy600/blog.php?lng=fr&amp;sel=pg&amp;pg=772</guid>
      <description><![CDATA[<p>Spotify</p>
]]></description>
      <pubDate>Wed, 01 Apr 2020 15:56:00 +0200</pubDate>
    </item>
    <item>
      <title>test - par saxbar le 21/11/2019   13:09</title>
      <link>http://devgy600/blog.php?lng=fr&amp;sel=pg&amp;pg=741</link>
      <guid>http://devgy600/blog.php?lng=fr&amp;sel=pg&amp;pg=741</guid>
      <description><![CDATA[<p>test</p>
]]></description>
      <pubDate>Thu, 21 Nov 2019 13:09:00 +0100</pubDate>
    </item>
    <item>
      <title>test suite erreur - par saxbar le 28/03/2019   10:31</title>
      <link>http://devgy600/blog.php?lng=fr&amp;sel=pg&amp;pg=653</link>
      <guid>http://devgy600/blog.php?lng=fr&amp;sel=pg&amp;pg=653</guid>
      <description><![CDATA[<p>test suite erreur</p>
<hr /><u>Rectifié</u> par saxbar le 04/04/2020   16:02]]></description>
      <pubDate>Thu, 28 Mar 2019 10:31:00 +0100</pubDate>
    </item>
    <item>
      <title>Bienvenue sur votre blog en v5 - par saxbar le 16/12/2018   10:51</title>
      <link>http://devgy600/blog.php?lng=fr&amp;sel=pg&amp;pg=645</link>
      <guid>http://devgy600/blog.php?lng=fr&amp;sel=pg&amp;pg=645</guid>
      <description><![CDATA[<p><strong>La version 5.02.XX de GuppY</strong>, portail web, voulue facile d'utilisation pour l'utilisateur final que vous êtes, et qui ne nécessite pas de base de données sql s'est enrichi de beaucoup de nouveautés pour vous offrir un maximum de services.<br />
<br />
<strong>La version 5.02.XX de GuppY</strong> est une nouvelle évolution après la véritable révolution de la sortie de la v5, après GuppY 5.01.00 avec les modifications de la structure pour être "responsive design" et répondre aux critères "mobile-friendly", la sortie de GuppY 5.02.00 est la poursuite de cette évolution au service des utilisateurs.</p>

<p>La solution d'un seul site responsive avec une configuration web pour les PC et une configuration mobile pour les autres appareils a été retenue, GuppY détectant l'user-agent de l'appareil pour afficher la version correspondante.</p>

<p>Vous pouvez installer GuppY 5.sur tous les hébergeurs Internet (ou presque), la seule contrainte est que votre hébergeur fournisse le service du langage de script PHP.</p>

<p>Nul besoin de s'y connaitre en langage HTML, en configuration de base de données MySQL, en PHP, GuppY offre une interface d'administration complète et sécurisée pour gérer l'apparence de votre site et le contenu des différentes rubriques de votre site.</p>

<p>.</p>
]]></description>
      <pubDate>Sun, 16 Dec 2018 10:51:00 +0100</pubDate>
    </item>
    <item>
      <title>Essai - par saxbar le 27/08/2018   13:03</title>
      <link>http://devgy600/blog.php?lng=fr&amp;sel=pg&amp;pg=625</link>
      <guid>http://devgy600/blog.php?lng=fr&amp;sel=pg&amp;pg=625</guid>
      <description><![CDATA[<p>qdsvqdsvqdv</p>
]]></description>
      <pubDate>Mon, 27 Aug 2018 13:03:00 +0200</pubDate>
    </item>
  </channel>
</rss>